[
  {
    "id": "c17d9998-1649-484e-a291-4fe0c5f79b95",
    "data": [
      {
        "text": "flu",
        "userDefined": false
      }
    ],
    "isTemplate": false,
    "count": 0,
    "lang": "en",
    "updated": 0
  },
  {
    "id": "664c7c2a-251d-4bb4-83cd-14a334ef765f",
    "data": [
      {
        "text": "cold",
        "userDefined": false
      }
    ],
    "isTemplate": false,
    "count": 0,
    "lang": "en",
    "updated": 0
  },
  {
    "id": "a50ea23b-8321-4788-82b5-9dd6ae6dc488",
    "data": [
      {
        "text": "cold/flu",
        "userDefined": false
      }
    ],
    "isTemplate": false,
    "count": 0,
    "lang": "en",
    "updated": 0
  }
]