[
  {
    "id": "42232778-a1af-434e-a141-746619161fe2",
    "data": [
      {
        "text": "5",
        "meta": "@ratings",
        "alias": "ratings",
        "userDefined": false
      }
    ],
    "isTemplate": false,
    "count": 0,
    "lang": "en",
    "updated": 0
  },
  {
    "id": "5fdb3446-8381-4d2d-8bb6-f8d5f8d42a8a",
    "data": [
      {
        "text": "4",
        "meta": "@ratings",
        "alias": "ratings",
        "userDefined": false
      }
    ],
    "isTemplate": false,
    "count": 0,
    "lang": "en",
    "updated": 0
  },
  {
    "id": "af6a68ee-2e44-45ac-9fb3-a43d6a463201",
    "data": [
      {
        "text": "3",
        "meta": "@ratings",
        "alias": "ratings",
        "userDefined": false
      }
    ],
    "isTemplate": false,
    "count": 0,
    "lang": "en",
    "updated": 0
  },
  {
    "id": "da07c7dd-58b0-47ea-acd5-e974e686309f",
    "data": [
      {
        "text": "2",
        "meta": "@ratings",
        "alias": "ratings",
        "userDefined": false
      }
    ],
    "isTemplate": false,
    "count": 0,
    "lang": "en",
    "updated": 0
  },
  {
    "id": "f0980b55-c4de-42c9-bb17-adf04036aa40",
    "data": [
      {
        "text": "1",
        "meta": "@ratings",
        "alias": "ratings",
        "userDefined": false
      }
    ],
    "isTemplate": false,
    "count": 0,
    "lang": "en",
    "updated": 0
  }
]